crb_sum,logdet_gain,rmse_proxy,size,subset
555.56556,12.1007,23.57044,1,{1}
507.52047,12.1912,22.52821,1,{2}
888.98888,9.3282,29.81592,1,{3}
1.14142,18.9816,1.06837,2,"{1,2}"
0.10998,20.7235,0.33164,2,"{1,3}"
0.11193,20.7059,0.33457,2,"{2,3}"
0.09732,21.4923,0.31197,3,"{1,2,3}"
